{"cameraMode":{"drawMode":0,"name":"Shaded","section":"Shading Mode"},"sceneLighting":true,"audioPlay":false,"sceneViewState":{"showFog":true,"showMaterialUpdate":false,"showSkybox":true,"showFlares":true,"showImageEffects":true,"showParticleSystems":true},"in2DMode":false,"pivot":{"x":-0.001903533935546875,"y":1.2928626537322999,"z":1.7313263416290284},"rotation":{"x":-0.11702656745910645,"y":-0.01578856259584427,"z":0.0018939996371045709,"w":-0.9930015206336975},"size":1.8881633281707764,"orthographic":false}