{"cameraMode":{"drawMode":0,"name":"Shaded","section":"Shading Mode"},"sceneLighting":true,"audioPlay":false,"sceneViewState":{"showFog":true,"showMaterialUpdate":false,"showSkybox":true,"showFlares":true,"showImageEffects":true,"showParticleSystems":true},"in2DMode":false,"pivot":{"x":8.46817398071289,"y":2.8861300945281984,"z":4.767313480377197},"rotation":{"x":0.17047184705734254,"y":0.00473787309601903,"z":-0.0008296227897517383,"w":0.9853507876396179},"size":15.115459442138672,"orthographic":false}