{"cameraMode":{"drawMode":0,"name":"Shaded","section":"Shading Mode"},"sceneLighting":true,"audioPlay":false,"sceneViewState":{"showFog":true,"showMaterialUpdate":false,"showSkybox":true,"showFlares":true,"showImageEffects":true,"showParticleSystems":true},"in2DMode":false,"pivot":{"x":-0.11966338753700257,"y":0.5106961131095886,"z":-0.3104320168495178},"rotation":{"x":0.002727594692260027,"y":-0.9954333305358887,"z":-0.02956129051744938,"w":-0.09072652459144592},"size":0.23704653978347779,"orthographic":false}